(0, 0)_rgb_c.jpg
(0, 10)_rgb_c.jpg
(0, 11)_rgb_c.jpg
(0, 12)_rgb_c.jpg
(0, 13)_rgb_c.jpg
(0, 14)_rgb_c.jpg
(0, 15)_rgb_c.jpg
(0, 1)_rgb_c.jpg
(0, 2)_rgb_c.jpg
(0, 3)_rgb_c.jpg
(0, 4)_rgb_c.jpg
(0, 5)_rgb_c.jpg
(0, 6)_rgb_c.jpg
(0, 7)_rgb_c.jpg
(0, 8)_rgb_c.jpg
(0, 9)_rgb_c.jpg
(1, 0)_rgb_c.jpg
(1, 10)_rgb_c.jpg
(1, 11)_rgb_c.jpg
(1, 12)_rgb_c.jpg
(1, 13)_rgb_c.jpg
(1, 14)_rgb_c.jpg
(1, 15)_rgb_c.jpg
(1, 1)_rgb_c.jpg
(1, 2)_rgb_c.jpg
(1, 3)_rgb_c.jpg
(1, 4)_rgb_c.jpg
(1, 5)_rgb_c.jpg
(1, 6)_rgb_c.jpg
(1, 7)_rgb_c.jpg
(1, 8)_rgb_c.jpg
(1, 9)_rgb_c.jpg
(2, 0)_rgb_c.jpg
(2, 10)_rgb_c.jpg
(2, 11)_rgb_c.jpg
(2, 12)_rgb_c.jpg
(2, 13)_rgb_c.jpg
(2, 14)_rgb_c.jpg
(2, 15)_rgb_c.jpg
(2, 1)_rgb_c.jpg
(2, 2)_rgb_c.jpg
(2, 3)_rgb_c.jpg
(2, 4)_rgb_c.jpg
(2, 5)_rgb_c.jpg
(2, 6)_rgb_c.jpg
(2, 7)_rgb_c.jpg
(2, 8)_rgb_c.jpg
(2, 9)_rgb_c.jpg
(3, 0)_rgb_c.jpg
(3, 10)_rgb_c.jpg
(3, 11)_rgb_c.jpg
(3, 12)_rgb_c.jpg
(3, 13)_rgb_c.jpg
(3, 14)_rgb_c.jpg
(3, 15)_rgb_c.jpg
(3, 1)_rgb_c.jpg
(3, 2)_rgb_c.jpg
(3, 3)_rgb_c.jpg
(3, 4)_rgb_c.jpg
(3, 5)_rgb_c.jpg
(3, 6)_rgb_c.jpg
(3, 7)_rgb_c.jpg
(3, 8)_rgb_c.jpg
(3, 9)_rgb_c.jpg
(4, 0)_rgb_c.jpg
(4, 10)_rgb_c.jpg
(4, 11)_rgb_c.jpg
(4, 12)_rgb_c.jpg
(4, 13)_rgb_c.jpg
(4, 14)_rgb_c.jpg
(4, 15)_rgb_c.jpg
(4, 1)_rgb_c.jpg
(4, 2)_rgb_c.jpg
(4, 3)_rgb_c.jpg
(4, 4)_rgb_c.jpg
(4, 5)_rgb_c.jpg
(4, 6)_rgb_c.jpg
(4, 7)_rgb_c.jpg
(4, 8)_rgb_c.jpg
(4, 9)_rgb_c.jpg
(5, 0)_rgb_c.jpg
(5, 10)_rgb_c.jpg
(5, 11)_rgb_c.jpg
(5, 12)_rgb_c.jpg
(5, 13)_rgb_c.jpg
(5, 14)_rgb_c.jpg
(5, 15)_rgb_c.jpg
(5, 1)_rgb_c.jpg
(5, 2)_rgb_c.jpg
(5, 3)_rgb_c.jpg
(5, 4)_rgb_c.jpg
(5, 5)_rgb_c.jpg
(5, 6)_rgb_c.jpg
(5, 7)_rgb_c.jpg
(5, 8)_rgb_c.jpg
(5, 9)_rgb_c.jpg
